source_url,item_title,category_raw,description_raw,images,listed_price_raw,currency,seller_location,category_normalized,description_clean,price_value,era_or_time_period,estimated_year_range,region_of_origin,functional_use,material,style,short_summary,confidence_score
https://www.antiques-atlas.com/antique/occasional_table/1,Occasional Tables,Furniture,,[],Â£995,GBP,,furniture,,995.0,unknown,unknown,unknown,"Support surface for various items, decorative display",unknown,unknown,"A set of occasional tables, categorized as furniture, designed for various uses within a living space.",0.3
https://www.antiques-atlas.com/antique/japanese_kutani_vase_a2952/as856a2952,Japanese Kutani Vase,Ceramics,"A striking Japanese Kutani vase with flared crown-like rim and richly hand-painted decoration. Alternating panels of geometric and floral motifs in red and gold frame a central scene of two kimono-clad figures in a mountainous landscape, rendered with delicate brushwork and fine detail. Below, a","['https://images.antiquesatlas.com/dealer-stock-images/sinclairsantiques/Japanese_Kutani_Vase_as856a2952b.jpg', 'https://images.antiquesatlas.com/dealer-stock-images/sinclairsantiques/Japanese_Kutani_Vase_as856a2952-thumb.jpg', 'https://images.antiquesatlas.com/dealer-stock-images/sinclairsantiques/Japanese_Kutani_Vase_as856a2952-thumb-1.jpg', 'https://images.antiquesatlas.com/dealer-stock-images/sinclairsantiques/Japanese_Kutani_Vase_as856a2952-thumb-2.jpg', 'https://images.antiquesatlas.com/dealer-stock-images/sinclairsantiques/Japanese_Kutani_Vase_as856a2952-thumb-3.jpg']",,GBP,,ceramics,"A striking Japanese Kutani vase with flared crown-like rim and richly hand-painted decoration. Alternating panels of geometric and floral motifs in red and gold frame a central scene of two kimono-clad figures in a mountainous landscape, rendered with delicate brushwork and fine detail. Below, a",,Meiji Period,1868-1912,Japan,"Decorative object, likely for holding flowers",Ceramic,"Kutani ware, characterized by detailed hand-painting, often with figural and landscape scenes, and geometric/floral motifs, frequently using red and gold enamels.","A striking Japanese Kutani ceramic vase with a flared crown-like rim and richly hand-painted decoration. It features alternating panels of geometric and floral motifs in red and gold, framing a central scene of two kimono-clad figures in a mountainous landscape, rendered with delicate brushwork and fine detail.",0.8
https://www.antiques-atlas.com/antique/19th_century_limoges_celestial_gilt_enamel_panel_a987/as1132a987,19th Century Limoges Celestial Gilt Enamel Panel,Ceramics,A stunning 19th century Limoges enamel panel with gilt detailing depicting a celestial scene.,"['https://images.antiquesatlas.com/dealer-stock-images/harringtonantiques/19th_Century_Limoges_Celestial_Gilt_Enamel_Panel_as1132a987b.jpg', 'https://images.antiquesatlas.com/dealer-stock-images/harringtonantiques/19th_Century_Limoges_Celestial_Gilt_Enamel_Panel_as1132a987-thumb.jpg', 'https://images.antiquesatlas.com/dealer-stock-images/harringtonantiques/19th_Century_Limoges_Celestial_Gilt_Enamel_Panel_as1132a987-thumb-1.jpg', 'https://images.antiquesatlas.com/dealer-stock-images/harringtonantiques/19th_Century_Limoges_Celestial_Gilt_Enamel_Panel_as1132a987-thumb-2.jpg', 'https://images.antiquesatlas.com/dealer-stock-images/harringtonantiques/19th_Century_Limoges_Celestial_Gilt_Enamel_Panel_as1132a987-thumb-3.jpg']",,GBP,,ceramics,A stunning 19th century Limoges enamel panel with gilt detailing depicting a celestial scene.,,19th Century,1800-1899,"Limoges, France",Decorative art,"Enamel, Gilt",Celestial,"A stunning 19th-century Limoges enamel panel with gilt detailing, depicting a celestial scene.",0.9
https://www.antiques-atlas.com/antique/a_large_late_19thc_majolica_planter_a767/as964a767,A Large Late 19thc Majolica Planter.,Ceramics,"A large late 19th - early 20th century majolica planter, beautifully hand painted with center panels dipicting boats and the other a windmill. The planter is in good condition with no cracks, just some minor chipping to the glaze in a few areas commensurate with age and","['https://images.antiquesatlas.com/dealer-stock-images/youngsantiques/A_Large_Late_19thc_Majolica_Planter_as964a767b.jpg', 'https://images.antiquesatlas.com/dealer-stock-images/youngsantiques/A_Large_Late_19thc_Majolica_Planter_as964a767-thumb.jpg', 'https://images.antiquesatlas.com/dealer-stock-images/youngsantiques/A_Large_Late_19thc_Majolica_Planter_as964a767-thumb-1.jpg', 'https://images.antiquesatlas.com/dealer-stock-images/youngsantiques/A_Large_Late_19thc_Majolica_Planter_as964a767-thumb-2.jpg', 'https://images.antiquesatlas.com/dealer-stock-images/youngsantiques/A_Large_Late_19thc_Majolica_Planter_as964a767-thumb-3.jpg']",,GBP,,ceramics,"A large late 19th - early 20th century majolica planter, beautifully hand painted with center panels dipicting boats and the other a windmill. The planter is in good condition with no cracks, just some minor chipping to the glaze in a few areas commensurate with age and",,Late 19th - Early 20th Century,1880-1920,unknown,Planter,Majolica (Ceramic),Majolica Decorative,"A large, hand-painted Majolica planter from the late 19th to early 20th century, featuring center panels depicting boats and a windmill.","{'era_or_time_period': 1.0, 'estimated_year_range': 0.9, 'region_of_origin': 0.1, 'functional_use': 1.0, 'material': 1.0, 'style': 0.8, 'short_summary': 1.0}"
https://www.antiques-atlas.com/antique/lovely_creamware_pottery_cup__saucer_kings_rose_a1848/as788a1848,Lovely Creamware Pottery Cup & Saucer King's Rose,Ceramics,"A very pretty small creamware teacup and saucer, nicely decorated with rich enamels of a stylised rose spray, often known as the King's Rose pattern. The  handle has been grooved with a little kick at the lower terminal. c.1785.","['https://images.antiquesatlas.com/dealer-stock-images/thefancyfox/Lovely_Creamware_Pottery_Cup__Saucer_Kings_Rose_as788a1848b.jpg', 'https://images.antiquesatlas.com/dealer-stock-images/thefancyfox/Lovely_Creamware_Pottery_Cup__Saucer_Kings_Rose_as788a1848-thumb.jpg', 'https://images.antiquesatlas.com/dealer-stock-images/thefancyfox/Lovely_Creamware_Pottery_Cup__Saucer_Kings_Rose_as788a1848-thumb-1.jpg', 'https://images.antiquesatlas.com/dealer-stock-images/thefancyfox/Lovely_Creamware_Pottery_Cup__Saucer_Kings_Rose_as788a1848-thumb-2.jpg', 'https://images.antiquesatlas.com/dealer-stock-images/thefancyfox/Lovely_Creamware_Pottery_Cup__Saucer_Kings_Rose_as788a1848-thumb-3.jpg']",,GBP,,ceramics,"A very pretty small creamware teacup and saucer, nicely decorated with rich enamels of a stylised rose spray, often known as the King's Rose pattern. The handle has been grooved with a little kick at the lower terminal. c.1785.",,Late 18th Century,1780-1790,unknown,Teacup and saucer,Creamware Pottery,"King's Rose pattern, Stylised rose spray","A small creamware teacup and saucer, decorated with rich enamels in the King's Rose pattern, featuring a stylised rose spray. The handle has a grooved design with a kick at the lower terminal. Circa 1785.",0.9
https://www.antiques-atlas.com/antique/william_quaker_pegg_atributed_derby_c1795_a1021/as470a1021,William Quaker Pegg Atributed Derby C1795,Ceramics,"We have for sale a bit of a rarity, a Derby dessert plate c1795 the decoration of which is attributed to the derby decorator William Quaker Pegg. This is very much a plate for the collector of very rare Derby Porcelain.","['https://images.antiquesatlas.com/dealer-stock-images/penroseantiques/William_Quaker_Pegg_Atributed_Derby_C1795_as470a1021b-5.jpg', 'https://images.antiquesatlas.com/dealer-stock-images/penroseantiques/William_Quaker_Pegg_Atributed_Derby_C1795_as470a1021-thumb-5.jpg', 'https://images.antiquesatlas.com/dealer-stock-images/penroseantiques/William_Quaker_Pegg_Atributed_Derby_C1795_as470a1021-thumb-1.jpg', 'https://images.antiquesatlas.com/dealer-stock-images/penroseantiques/William_Quaker_Pegg_Atributed_Derby_C1795_as470a1021-thumb-2.jpg', 'https://images.antiquesatlas.com/dealer-stock-images/penroseantiques/William_Quaker_Pegg_Atributed_Derby_C1795_as470a1021-thumb-3.jpg']",,GBP,,ceramics,"We have for sale a bit of a rarity, a Derby dessert plate c1795 the decoration of which is attributed to the derby decorator William Quaker Pegg. This is very much a plate for the collector of very rare Derby Porcelain.",,Late 18th Century,1790-1800,England,Dessert plate,Porcelain,Derby,"A rare late 18th-century Derby porcelain dessert plate, circa 1795, attributed to the renowned decorator William Quaker Pegg.",0.9
https://www.antiques-atlas.com/antique/a_19th_century_chinese_bowl_a751/as964a751,A 19th Century Chinese Bowl.,Ceramics,"A decorative 19th century chinese bowl, finely painted with cantonese designs. The bowl has an old break which has been reglued at some stage with a few chips around the reglued area and a small hairline crack.","['https://images.antiquesatlas.com/dealer-stock-images/youngsantiques/A_19th_Century_Chinese_Bowl_as964a751b.jpg', 'https://images.antiquesatlas.com/dealer-stock-images/youngsantiques/A_19th_Century_Chinese_Bowl_as964a751-thumb.jpg', 'https://images.antiquesatlas.com/dealer-stock-images/youngsantiques/A_19th_Century_Chinese_Bowl_as964a751-thumb-1.jpg', 'https://images.antiquesatlas.com/dealer-stock-images/youngsantiques/A_19th_Century_Chinese_Bowl_as964a751-thumb-2.jpg', 'https://images.antiquesatlas.com/dealer-stock-images/youngsantiques/A_19th_Century_Chinese_Bowl_as964a751-thumb-3.jpg']",,GBP,,ceramics,"A decorative 19th century chinese bowl, finely painted with cantonese designs. The bowl has an old break which has been reglued at some stage with a few chips around the reglued area and a small hairline crack.",,19th Century,1800-1899,China,"Decorative, serving",Ceramic,Cantonese,"A 19th-century Chinese decorative ceramic bowl, finely painted with Cantonese designs. The bowl has an old reglued break, chips around the reglued area, and a small hairline crack.",0.95
https://www.antiques-atlas.com/antique/rare_early_minton_porcelain_figure_gundog_c1830_a1837/as788a1837,Rare Early Minton Porcelain Figure Gundog c.1830,Ceramics,"A very fine and rare porcelain model of a dog, standing on a shaped, naturalistic, rocky base Produced by Minton, c.1830-40. Left predominantly in the white with some careful enamelling to the face and proudly wearing a gilded collar. The foot of the base is also rimmed with gilt and light gilt","['https://images.antiquesatlas.com/dealer-stock-images/thefancyfox/Rare_Early_Minton_Porcelain_Figure_Gundog_c1830_as788a1837b.jpg', 'https://images.antiquesatlas.com/dealer-stock-images/thefancyfox/Rare_Early_Minton_Porcelain_Figure_Gundog_c1830_as788a1837-thumb.jpg', 'https://images.antiquesatlas.com/dealer-stock-images/thefancyfox/Rare_Early_Minton_Porcelain_Figure_Gundog_c1830_as788a1837-thumb-1.jpg', 'https://images.antiquesatlas.com/dealer-stock-images/thefancyfox/Rare_Early_Minton_Porcelain_Figure_Gundog_c1830_as788a1837-thumb-2.jpg', 'https://images.antiquesatlas.com/dealer-stock-images/thefancyfox/Rare_Early_Minton_Porcelain_Figure_Gundog_c1830_as788a1837-thumb-3.jpg']",,GBP,,ceramics,"A very fine and rare porcelain model of a dog, standing on a shaped, naturalistic, rocky base Produced by Minton, c.1830-40. Left predominantly in the white with some careful enamelling to the face and proudly wearing a gilded collar. The foot of the base is also rimmed with gilt and light gilt",,Early 19th Century,1830-1840,United Kingdom,Decorative ornament,"Porcelain, enamel, gilt",Naturalistic,"A rare Minton porcelain figure of a gundog from c.1830-40, featuring a naturalistic rocky base, an enamelled face, and a gilded collar.",0.9
https://www.antiques-atlas.com/antique/lovely_small_georgian_silver_sauce_boat_1771_a1854/as788a1854,Lovely Small Georgian Silver Sauce Boat 1771,Silver,"A lovely 18th century silver sauce boat, set on three stylised hoof feet with foliate shaped terminals, with a card cut rim and a flying C-scroll handle with cast acanthus leaf thumb rest. Of small size, perfect for individual use or a good size for use as a cream boat. Hallmarked for London 1771,","['https://images.antiquesatlas.com/b_sold.png', 'https://images.antiquesatlas.com/dealer-stock-images/thefancyfox/Lovely_Small_Georgian_Silver_Sauce_Boat_1771_as788a1854b.jpg', 'https://images.antiquesatlas.com/dealer-stock-images/thefancyfox/Lovely_Small_Georgian_Silver_Sauce_Boat_1771_as788a1854-thumb.jpg', 'https://images.antiquesatlas.com/dealer-stock-images/thefancyfox/Lovely_Small_Georgian_Silver_Sauce_Boat_1771_as788a1854-thumb-1.jpg', 'https://images.antiquesatlas.com/dealer-stock-images/thefancyfox/Lovely_Small_Georgian_Silver_Sauce_Boat_1771_as788a1854-thumb-2.jpg']",,GBP,,silver,"A lovely 18th century silver sauce boat, set on three stylised hoof feet with foliate shaped terminals, with a card cut rim and a flying C-scroll handle with cast acanthus leaf thumb rest. Of small size, perfect for individual use or a good size for use as a cream boat. Hallmarked for London 1771,",,"Georgian, 18th Century",1771,"London, England","Sauce boat, Cream boat",Silver,Georgian Rococo,"A lovely small 18th-century Georgian silver sauce boat, hallmarked London 1771, featuring stylised hoof feet with foliate terminals, a card cut rim, and a flying C-scroll handle with a cast acanthus leaf thumb rest. Ideal for individual use or as a cream boat.",0.95
https://www.antiques-atlas.com/antique/silver_page__letter_opener_late_victorian_c1890s_a761/as703a761,Silver Page / Letter opener Late Victorian c1890s,Silver,A beautiful Late Victorian Letter opener / Page turner dated London 1898,"['https://images.antiquesatlas.com/dealer-stock-images/spencerjamesantiques/Silver_PageLetter_opener_Late_Victorian_c1890s_as703a761b.jpg', 'https://images.antiquesatlas.com/dealer-stock-images/spencerjamesantiques/Silver_PageLetter_opener_Late_Victorian_c1890s_as703a761-thumb.jpg', 'https://images.antiquesatlas.com/dealer-stock-images/spencerjamesantiques/Silver_PageLetter_opener_Late_Victorian_c1890s_as703a761-thumb-2.jpg', 'https://images.antiquesatlas.com/dealer-stock-images/spencerjamesantiques/Silver_PageLetter_opener_Late_Victorian_c1890s_as703a761-thumb-5.jpg', 'https://images.antiquesatlas.com/dealer-stock-images/spencerjamesantiques/Silver_PageLetter_opener_Late_Victorian_c1890s_as703a761-thumb-1.jpg']",,GBP,,silver,A beautiful Late Victorian Letter opener / Page turner dated London 1898,,Late Victorian,1898,"London, England","Letter opener, Page turner",Silver,Late Victorian,"A beautiful Late Victorian silver letter opener and page turner, dated 1898 from London.",1.0
https://www.antiques-atlas.com/antique/two_silver_page__letter_openers_victorian_c1890s_a760/as703a760,Two Silver Page / Letter openers Victorian c1890s,Silver,Two  beautiful Late Victorian Letter openers /Page turners made of silver handle and tortoiseshell,"['https://images.antiquesatlas.com/dealer-stock-images/spencerjamesantiques/Two_Silver_PageLetter_openers_Victorian_c1890s_as703a760b-5.jpg', 'https://images.antiquesatlas.com/dealer-stock-images/spencerjamesantiques/Two_Silver_PageLetter_openers_Victorian_c1890s_as703a760-thumb-5.jpg', 'https://images.antiquesatlas.com/dealer-stock-images/spencerjamesantiques/Two_Silver_PageLetter_openers_Victorian_c1890s_as703a760-thumb-1.jpg', 'https://images.antiquesatlas.com/dealer-stock-images/spencerjamesantiques/Two_Silver_PageLetter_openers_Victorian_c1890s_as703a760-thumb.jpg', 'https://images.antiquesatlas.com/dealer-stock-images/spencerjamesantiques/Two_Silver_PageLetter_openers_Victorian_c1890s_as703a760-thumb-2.jpg']",,GBP,,silver,Two beautiful Late Victorian Letter openers /Page turners made of silver handle and tortoiseshell,,Late Victorian,1890-1899,unknown,"Letter opener, Page turner","Silver, Tortoiseshell",Victorian,Two Late Victorian letter openers/page turners featuring silver handles and tortoiseshell blades.,0.9
https://www.antiques-atlas.com/antique/staff_nurses_solid_silver_buckle_a1385/as1076a1385,Staff Nurses solid Silver Buckle,Silver,"Hallmarked for London 1957 weight 109 grams length of 16 cm width being 8 cm condition excellent, offering free delivery Worldwide reference DRC3  Tel: +44 7505 165 843 We accept online payments for all our items listed: Bank transfer cash on collection  or if wishing over the phone using your debit","['https://images.antiquesatlas.com/dealer-stock-images/sovereignantiques/Staff_Nurses_solid_Silver_Buckle_as1076a1385b.jpg', 'https://images.antiquesatlas.com/dealer-stock-images/sovereignantiques/Staff_Nurses_solid_Silver_Buckle_as1076a1385-thumb.jpg', 'https://images.antiquesatlas.com/dealer-stock-images/sovereignantiques/Staff_Nurses_solid_Silver_Buckle_as1076a1385-thumb-1.jpg', 'https://images.antiquesatlas.com/dealer-stock-images/sovereignantiques/Staff_Nurses_solid_Silver_Buckle_as1076a1385-thumb-2.jpg', 'https://images.antiquesatlas.com/dealer-stock-images/sovereignantiques/Staff_Nurses_solid_Silver_Buckle_as1076a1385-thumb-3.jpg']",,GBP,,silver,"Hallmarked for London 1957 weight 109 grams length of 16 cm width being 8 cm condition excellent, offering free delivery Worldwide reference DRC3 Tel: +44 7505 165 843 We accept online payments for all our items listed: Bank transfer cash on collection or if wishing over the phone using your debit",,Mid-20th Century,1957,United Kingdom,"Decorative and functional buckle, likely for a nurse's uniform",Silver,unknown,"A solid silver buckle, hallmarked in London in 1957, designed for staff nurses, and noted to be in excellent condition.",0.9
https://www.antiques-atlas.com/antique/massive_60cm_9ct_gold_pendant_and_chain_a578/as656a578,Massive 60cm 9ct Gold Pendant and Chain.,Jewellery,"Massive 9ct Gold Pendant and Chain.  The pendant setting is a Carnelian.  The pendant and chain are fully hallmarked.  The chain has been purchased from a private collection in Devon, the past few days.  The chain is heavy and nearly 60cm in length.","['https://images.antiquesatlas.com/dealer-stock-images/markdavisantiques/Massive_60cm_9ct_Gold_Pendant_and_Chain_as656a578b.jpg', 'https://images.antiquesatlas.com/dealer-stock-images/markdavisantiques/Massive_60cm_9ct_Gold_Pendant_and_Chain_as656a578-thumb.jpg', 'https://images.antiquesatlas.com/dealer-stock-images/markdavisantiques/Massive_60cm_9ct_Gold_Pendant_and_Chain_as656a578-thumb-1.jpg', 'https://images.antiquesatlas.com/dealer-stock-images/markdavisantiques/Massive_60cm_9ct_Gold_Pendant_and_Chain_as656a578-thumb-2.jpg', 'https://images.antiquesatlas.com/dealer-stock-images/markdavisantiques/Massive_60cm_9ct_Gold_Pendant_and_Chain_as656a578-thumb-3.jpg']",,GBP,,jewellery,"Massive 9ct Gold Pendant and Chain. The pendant setting is a Carnelian. The pendant and chain are fully hallmarked. The chain has been purchased from a private collection in Devon, the past few days. The chain is heavy and nearly 60cm in length.",,unknown,unknown,unknown,Jewellery (Pendant and Chain),"9ct Gold, Carnelian",unknown,"A massive 9ct Gold Pendant and Chain, featuring a Carnelian setting, both fully hallmarked.","{'era_or_time_period': 0.2, 'estimated_year_range': 0.2, 'region_of_origin': 0.2, 'functional_use': 1.0, 'material': 1.0, 'style': 0.2, 'short_summary': 1.0}"
https://www.antiques-atlas.com/antique/antique_solid_gold_locket_50th_anniversary_gift_a2925/as395a2925,Antique Solid Gold Locket 50th Anniversary Gift,Jewellery,A beautiful 9 carat yellow gold pendant locket suspended from an 18 inch 9ct gold necklace.,"['https://images.antiquesatlas.com/dealer-stock-images/thevintagecompactshop/Antique_Solid_Gold_Locket_50th_Anniversary_Gift_as395a2925b.jpg', 'https://images.antiquesatlas.com/dealer-stock-images/thevintagecompactshop/Antique_Solid_Gold_Locket_50th_Anniversary_Gift_as395a2925-thumb.jpg', 'https://images.antiquesatlas.com/dealer-stock-images/thevintagecompactshop/Antique_Solid_Gold_Locket_50th_Anniversary_Gift_as395a2925-thumb-1.jpg', 'https://images.antiquesatlas.com/dealer-stock-images/thevintagecompactshop/Antique_Solid_Gold_Locket_50th_Anniversary_Gift_as395a2925-thumb-2.jpg', 'https://images.antiquesatlas.com/dealer-stock-images/thevintagecompactshop/Antique_Solid_Gold_Locket_50th_Anniversary_Gift_as395a2925-thumb-3.jpg']",,GBP,,jewellery,A beautiful 9 carat yellow gold pendant locket suspended from an 18 inch 9ct gold necklace.,,Early 20th Century,1900-1930,unknown,"Personal adornment, memento holder",Gold (9 carat yellow),unknown,"An antique 9 carat yellow gold locket pendant, presented on an 18-inch matching gold necklace, suitable as a significant anniversary gift.","{'era_or_time_period': 0.8, 'estimated_year_range': 0.8, 'region_of_origin': 0.1, 'functional_use': 1.0, 'material': 1.0, 'style': 0.1, 'short_summary': 1.0}"
https://www.antiques-atlas.com/antique/1980s_christian_dior_monogram_round_earrings_a1015/as470a1015,1980s Christian Dior Monogram Round Earrings,Jewellery,"We have for sale the perfect gift, a lovely pair of Christian Dior gold plated Christian Dior CD monogram clip-on earrings dating to somewhere around 1980.","['https://images.antiquesatlas.com/dealer-stock-images/penroseantiques/1980s_Christian_Dior_Monogram_Round_Earrings_as470a1015b.jpg', 'https://images.antiquesatlas.com/dealer-stock-images/penroseantiques/1980s_Christian_Dior_Monogram_Round_Earrings_as470a1015-thumb.jpg', 'https://images.antiquesatlas.com/dealer-stock-images/penroseantiques/1980s_Christian_Dior_Monogram_Round_Earrings_as470a1015-thumb-1.jpg', 'https://images.antiquesatlas.com/dealer-stock-images/penroseantiques/1980s_Christian_Dior_Monogram_Round_Earrings_as470a1015-thumb-2.jpg', 'https://images.antiquesatlas.com/dealer-stock-images/penroseantiques/1980s_Christian_Dior_Monogram_Round_Earrings_as470a1015-thumb-3.jpg']",,GBP,,jewellery,"We have for sale the perfect gift, a lovely pair of Christian Dior gold plated Christian Dior CD monogram clip-on earrings dating to somewhere around 1980.",,1980s,1980-1989,France,Adornment; Jewellery,Gold plated metal,Designer; Monogram,A pair of 1980s Christian Dior gold plated clip-on earrings featuring the iconic CD monogram.,0.95
https://www.antiques-atlas.com/antique/africa_corp_soldiers_ring_dated_1943_a1363/as1076a1363,Africa Corp Soldiers Ring Dated 1943,Jewellery,"Comes in good condition stamped for 800 silver has faded makers markings sized r-s comes with presentation box, offering free worldwide post reference","['https://images.antiquesatlas.com/dealer-stock-images/sovereignantiques/AFRICA_CORP_SOLDIERS_RING_DATED_1943_as1076a1363b.jpg', 'https://images.antiquesatlas.com/dealer-stock-images/sovereignantiques/AFRICA_CORP_SOLDIERS_RING_DATED_1943_as1076a1363-thumb.jpg', 'https://images.antiquesatlas.com/dealer-stock-images/sovereignantiques/AFRICA_CORP_SOLDIERS_RING_DATED_1943_as1076a1363-thumb-1.jpg', 'https://images.antiquesatlas.com/dealer-stock-images/sovereignantiques/AFRICA_CORP_SOLDIERS_RING_DATED_1943_as1076a1363-thumb-2.jpg', 'https://images.antiquesatlas.com/dealer-stock-images/sovereignantiques/AFRICA_CORP_SOLDIERS_RING_DATED_1943_as1076a1363-thumb-3.jpg']",,GBP,,jewellery,"Comes in good condition stamped for 800 silver has faded makers markings sized r-s comes with presentation box, offering free worldwide post reference",,World War II Era,1943-1943,Germany,"Personal adornment, military souvenir",800 silver,Military Commemorative,"A 1943 Africa Corps soldier's ring, crafted from 800 silver, in good condition and includes its original presentation box.",0.9
https://www.antiques-atlas.com/antique/vintage_aztec_white_and_yellow_gold_diamond_ring_a2263/as216a2263,Vintage Aztec White and Yellow Gold Diamond Ring,Jewellery,A white and yellow gold ring with 21 round brilliant cut pave set natural diamonds.,"['https://images.antiquesatlas.com/dealer-stock-images/webberleyantiques/Vintage_Aztec_White_and_Yellow_Gold_Diamond_Ring_as216a2263b.jpg', 'https://images.antiquesatlas.com/dealer-stock-images/webberleyantiques/Vintage_Aztec_White_and_Yellow_Gold_Diamond_Ring_as216a2263-thumb.jpg', 'https://images.antiquesatlas.com/dealer-stock-images/webberleyantiques/Vintage_Aztec_White_and_Yellow_Gold_Diamond_Ring_as216a2263-thumb-5.jpg', 'https://images.antiquesatlas.com/dealer-stock-images/webberleyantiques/Vintage_Aztec_White_and_Yellow_Gold_Diamond_Ring_as216a2263-thumb-1.jpg', 'https://images.antiquesatlas.com/dealer-stock-images/webberleyantiques/Vintage_Aztec_White_and_Yellow_Gold_Diamond_Ring_as216a2263-thumb-2.jpg']",,GBP,,jewellery,A white and yellow gold ring with 21 round brilliant cut pave set natural diamonds.,,Mid-20th to Late 20th Century,1950s-1990s,unknown,Personal adornment (ring),"Gold (white and yellow), Natural Diamonds","Aztec-inspired, Pave setting","A vintage ring crafted from white and yellow gold, featuring 21 pave-set round brilliant cut natural diamonds, designed with an Aztec-inspired motif.",0.8
https://www.antiques-atlas.com/antique/a_silver_filligree_and_enamel_butterfly_brooch_a526/as755a526,A Silver Filligree And Enamel Butterfly Brooch,Jewellery,This very fine example of Chinese silver filigree artwork has been beautifully hand made with intricate detail in the form of a large four winged butterfly with curly antennae.,"['https://images.antiquesatlas.com/dealer-stock-images/robertbelcherantiques/A_silver_filligree_and_enamel_butterfly_brooch_as755a526b.jpg', 'https://images.antiquesatlas.com/dealer-stock-images/robertbelcherantiques/A_silver_filligree_and_enamel_butterfly_brooch_as755a526-thumb.jpg', 'https://images.antiquesatlas.com/dealer-stock-images/robertbelcherantiques/A_silver_filligree_and_enamel_butterfly_brooch_as755a526-thumb-1.jpg', 'https://images.antiquesatlas.com/dealer-stock-images/robertbelcherantiques/A_silver_filligree_and_enamel_butterfly_brooch_as755a526-thumb-2.jpg', 'https://images.antiquesatlas.com/dealer-stock-images/robertbelcherantiques/A_silver_filligree_and_enamel_butterfly_brooch_as755a526-thumb-3.jpg']",,GBP,,jewellery,This very fine example of Chinese silver filigree artwork has been beautifully hand made with intricate detail in the form of a large four winged butterfly with curly antennae.,,unknown,unknown,China,Brooch,"Silver, Enamel","Chinese Filigree, Naturalistic","A finely handcrafted Chinese silver filigree and enamel brooch, intricately detailed in the form of a four-winged butterfly.","{'era_or_time_period': 0.1, 'estimated_year_range': 0.1, 'region_of_origin': 1.0, 'functional_use': 1.0, 'material': 1.0, 'style': 0.9, 'short_summary': 1.0}"
https://www.antiques-atlas.com/antique/italian_genoa_triple_arm_antique_candelabras_a6690/as077a6690,Italian Genoa Triple Arm Antique Candelabras,Lighting,"An Italian Genoa silvered and cut glass triple light antique candelabra, the three silvered leaf scrolling arms with leaf bobeche drip pans and candle sconces, issuing from a repousse silver and giltwood column with reeded base, decorated overall with faceted cut glass pendants, nice original","['https://images.antiquesatlas.com/dealer-stock-images/okeeffeantiques/Italian_Genoa_Triple_Arm_Antique_Candelabras_as077a6690b.jpg', 'https://images.antiquesatlas.com/dealer-stock-images/okeeffeantiques/Italian_Genoa_Triple_Arm_Antique_Candelabras_as077a6690-thumb.jpg', 'https://images.antiquesatlas.com/dealer-stock-images/okeeffeantiques/Italian_Genoa_Triple_Arm_Antique_Candelabras_as077a6690-thumb-1.jpg', 'https://images.antiquesatlas.com/dealer-stock-images/okeeffeantiques/Italian_Genoa_Triple_Arm_Antique_Candelabras_as077a6690-thumb-2.jpg', 'https://images.antiquesatlas.com/dealer-stock-images/okeeffeantiques/Italian_Genoa_Triple_Arm_Antique_Candelabras_as077a6690-thumb-3.jpg']",,GBP,,lighting,"An Italian Genoa silvered and cut glass triple light antique candelabra, the three silvered leaf scrolling arms with leaf bobeche drip pans and candle sconces, issuing from a repousse silver and giltwood column with reeded base, decorated overall with faceted cut glass pendants, nice original",,19th Century,1800-1900,"Genoa, Italy","Lighting, specifically holding candles","Silvered metal, repousse silver, giltwood, cut glass",Rococo Revival,"An antique Italian candelabra from Genoa, featuring three silvered leaf scrolling arms with bobeche drip pans and candle sconces, issuing from a repousse silver and giltwood column with a reeded base, and decorated with faceted cut glass pendants, designed for illumination.",0.8
https://www.antiques-atlas.com/antique/pair_church_candlestick_table_lamps_a5118/as122a5118,Pair Church Candlestick Table Lamps,Lighting,A very nice pair of brass double bulb church candlestick table lamps.,"['https://images.antiquesatlas.com/dealer-stock-images/fernyhoughantiques/Pair_Church_Candlestick_Table_Lamps_as122a5118b-5.jpg', 'https://images.antiquesatlas.com/dealer-stock-images/fernyhoughantiques/Pair_Church_Candlestick_Table_Lamps_as122a5118-thumb-5.jpg', 'https://images.antiquesatlas.com/dealer-stock-images/fernyhoughantiques/Pair_Church_Candlestick_Table_Lamps_as122a5118-thumb.jpg', 'https://images.antiquesatlas.com/dealer-stock-images/fernyhoughantiques/Pair_Church_Candlestick_Table_Lamps_as122a5118-thumb-1.jpg', 'https://images.antiquesatlas.com/dealer-stock-images/fernyhoughantiques/Pair_Church_Candlestick_Table_Lamps_as122a5118-thumb-2.jpg']",,GBP,,lighting,A very nice pair of brass double bulb church candlestick table lamps.,,20th Century,1920-1960,unknown,Lighting,Brass,Church Candlestick,A pair of brass double bulb table lamps designed in the style of church candlesticks.,"{'era_or_time_period': 0.7, 'estimated_year_range': 0.7, 'region_of_origin': 0.0, 'functional_use': 1.0, 'material': 1.0, 'style': 1.0, 'short_summary': 1.0}"
https://www.antiques-atlas.com/antique/antique_cut_glass_crystal_tent_chandelier_16_a044/as1260a044,"Antique Cut Glass Crystal Tent Chandelier 16""",Lighting,"This tent swag chandelier has a brass coronet ring to the top. From this hang the swags. The central moulded brass ring supports the bag at the bottom, which usually has double coffin prisms. This piece comes with a large bayonet bulb holder (B22).","['https://images.antiquesatlas.com/dealer-stock-images/rupertsantiques/Antique_cut_glass_crystal_tent_chandelier_16_as1260a044b.jpg', 'https://images.antiquesatlas.com/dealer-stock-images/rupertsantiques/Antique_cut_glass_crystal_tent_chandelier_16_as1260a044-thumb.jpg', 'https://images.antiquesatlas.com/dealer-stock-images/rupertsantiques/Antique_cut_glass_crystal_tent_chandelier_16_as1260a044-thumb-1.jpg', 'https://images.antiquesatlas.com/dealer-stock-images/rupertsantiques/Antique_cut_glass_crystal_tent_chandelier_16_as1260a044-thumb-2.jpg', 'https://images.antiquesatlas.com/dealer-stock-images/rupertsantiques/Antique_cut_glass_crystal_tent_chandelier_16_as1260a044-thumb-3.jpg']",,GBP,,lighting,"This tent swag chandelier has a brass coronet ring to the top. From this hang the swags. The central moulded brass ring supports the bag at the bottom, which usually has double coffin prisms. This piece comes with a large bayonet bulb holder (B22).",,Late 19th to Early 20th Century,1880-1920,unknown,lighting,"Cut Glass Crystal, Brass","Tent Chandelier, Victorian","An antique cut glass and brass tent chandelier featuring a coronet ring, swags, a central moulded brass ring, a bag bottom, and double coffin prisms, fitted with a large bayonet bulb holder.","{'era_or_time_period': 0.8, 'estimated_year_range': 0.8, 'region_of_origin': 0.1, 'functional_use': 1.0, 'material': 1.0, 'style': 0.9, 'short_summary': 1.0}"
